Lower95,Median,Upper95,Mean,SD,Mode,MCerr,MC.ofSD,SSeff,AC.100,psrf,parameter
0.0369601256789653,0.0724652900893671,0.118002915385303,0.0750938988844088,0.021492246103287,0.0682039658557444,0.000117881939970979,0.5,33241,0.291568134739962,1.00008576050302,mean.p.ad[1]
0.194049244218296,0.306588492157517,0.431641292912012,0.309996763123041,0.0604401741947593,0.301903821886971,0.00485079485286574,8,155,0.98706377556353,1.00587512895256,mean.p.ad[2]
