Lower95,Median,Upper95,Mean,SD,Mode,MCerr,MC.ofSD,SSeff,AC.200,psrf,parameter
0.972046172206748,0.978398780099753,0.984963239167427,0.97842941221805,0.00324545404323567,0.978430576843773,0.000135273891032197,4.2,576,0.431487964217491,1.00771449356564,pop.growth.rate
