Lower95,Median,Upper95,Mean,SD,Mode,MCerr,MC.ofSD,SSeff,AC.100,psrf,parameter
0.0366535498459257,0.0721659255285787,0.118568923271008,0.0749362159536783,0.0217440314597378,0.0685418631284128,0.00025409395895857,1.2,7323,0.286628364257236,1.00013925813138,mean.p.ad[1]
0.184837493941166,0.303419346933266,0.404505222765027,0.301381909618143,0.0578371574225434,0.308836084358036,0.00797408032255559,13.8,53,0.985292775783453,1.02598085139806,mean.p.ad[2]
