Lower95,Median,Upper95,Mean,SD,Mode,MCerr,MC.ofSD,SSeff,AC.100,psrf,parameter
0.305463444453226,0.313283793824784,0.320970724733426,0.313305048180625,0.00395354679392516,0.313327894817229,2.25179012233605e-05,0.6,30826,0.0513763003720789,1.00018578621757,mean.fec
