Lower95,Median,Upper95,Mean,SD,Mode,MCerr,MC.ofSD,SSeff,AC.200,psrf,parameter
0.972213681090871,0.9783358449512,0.984262381382344,0.978333840818667,0.00303751371207765,,0.000111102162009981,3.7,747,0.377988315272493,1.01783379969629,pop.growth.rate
