Lower95,Median,Upper95,Mean,SD,Mode,MCerr,MC.ofSD,SSeff,AC.100,psrf,parameter
0.982399204322098,0.985827597586558,0.989330696868396,0.9858329275205,0.00176201470383263,0.985847075806561,2.899109028147e-05,1.6,3694,0.771882697304265,1.00187797374833,pop.growth.rate
