Lower95,Median,Upper95,Mean,SD,Mode,MCerr,MC.ofSD,SSeff,AC.200,psrf,parameter
0.306221128180748,0.313854147126271,0.321684067136596,0.313871565498799,0.00395819400901996,0.313777799780148,4.97822832435604e-05,1.3,6322,0.0535970353347464,1.00017133939799,mean.fec
