Lower95,Median,Upper95,Mean,SD,Mode,MCerr,MC.ofSD,SSeff,AC.100,psrf,parameter
0.768540087416898,0.825384212985794,0.881037263749554,0.825377651055897,0.028784916215946,0.825011336038759,0.000650373055886809,2.3,1959,0.706161476188251,1.00271606238345,mean.phi.juv
