Lower95,Median,Upper95,Mean,SD,Mode,MCerr,MC.ofSD,SSeff,AC.200,psrf,parameter
0.7499129963517,0.806465269391594,0.862110182118067,0.805849560019328,0.028799167689277,,0.00112494463987184,3.9,655,0.482643875003224,1.02077602891529,mean.phi.juv
