Lower95,Median,Upper95,Mean,SD,Mode,MCerr,MC.ofSD,SSeff,AC.200,psrf,parameter
0.127532674564298,0.142915604369773,0.156968598606827,0.14274573937536,0.0073661887741012,,0.000528051094699674,7.2,195,0.879801692130225,1.00219061029606,agebeta
