Lower95,Median,Upper95,Mean,SD,Mode,MCerr,MC.ofSD,SSeff,AC.100,psrf,parameter
0.773884008734218,0.829969339220088,0.884200244882915,0.829646664631734,0.0283112197893432,0.83153496167563,0.00122956814315319,4.3,530,0.718750400730827,1.00058362473106,mean.phi.juv
