Lower95,Median,Upper95,Mean,SD,Mode,MCerr,MC.ofSD,SSeff,AC.100,psrf,parameter
0.126614123789073,0.140504028689689,0.15516987602494,0.140456124324524,0.00715291310598705,0.14127171820739,0.000495999295356685,6.9,208,0.964451369809602,1.02282600964866,agebeta
