Lower95,Median,Upper95,Mean,SD,Mode,MCerr,MC.ofSD,SSeff,AC.100,psrf,parameter
0.941243443225182,0.954201193704067,0.967284343535113,0.954322285060575,0.00663029144017282,0.954095726409325,0.000207079828228119,3.1,1025,0.847508121253994,1.0022136161433,mean.phi.ad
