Lower95,Median,Upper95,Mean,SD,Mode,MCerr,MC.ofSD,SSeff,AC.100,psrf,parameter
0.942819480997049,0.955452753464601,0.968560451907493,0.955465535389072,0.00662194536797479,0.955305301453145,0.000414687597342871,6.3,255,0.854785177870615,1.00594634188742,mean.phi.ad
