Lower95,Median,Upper95,Mean,SD,Mode,MCerr,MC.ofSD,SSeff,AC.200,psrf,parameter
0.306000857779731,0.31377378727202,0.32133046014937,0.313849896584079,0.00390568316663781,,4.51949552395511e-05,1.2,7468,0.0452197009564422,1.00223833887077,mean.fec
