Lower95,Median,Upper95,Mean,SD,Mode,MCerr,MC.ofSD,SSeff,AC.200,psrf,parameter
0.922552832055652,0.940181450683309,0.956075499371579,0.93956606720432,0.00868196227593783,0.940794239264346,0.00072195054235881,8.3,145,0.771245312849134,1.057780204037,mean.phi.ad
