Lower95,Median,Upper95,Mean,SD,Mode,MCerr,MC.ofSD,SSeff,AC.200,psrf,parameter
0.957581511948936,0.973761536883241,0.987921665993722,0.973147062827183,0.00773627932216384,,0.00044459276047247,5.7,303,0.666523522482324,1.00462044606562,fut.growth.rate[1]
0.978680073579428,0.995728735070038,1.0100278495622,0.995193427536844,0.00799265769092077,,0.00041177979061228,5.2,377,0.630173036971837,1.00519734328475,fut.growth.rate[2]
0.903259746823255,0.918505877952862,0.932241765223103,0.918137461425117,0.00741523939133672,,0.000485462091932599,6.5,233,0.65865761722841,1.00724930848747,fut.growth.rate[3]
