Lower95,Median,Upper95,Mean,SD,Mode,MCerr,MC.ofSD,SSeff,AC.100,psrf,parameter
0.126779757745245,0.140319359276096,0.154146906252916,0.140416839513535,0.00696975700664412,0.140153033078113,0.000220881944811563,3.2,996,0.963770275053046,1.00167599480508,agebeta
