"parameter","Median","CredInt","Lower95","Upper95"
"mean.phi.ad",0.948284176884957,"0.936 – 0.961",0.936021669467444,0.960735089565695
"mean.phi.juv",0.820588690578665,"0.768 – 0.87",0.768145716829267,0.870372605916672
"mean.fec",0.312466699252847,"0.305 – 0.32",0.304917654395195,0.320391453220205
"pop.growth.rate",0.986300376336209,"0.983 – 0.99",0.982786122063921,0.989773123626545
"fut.growth.rate[1]",0.988629251896114,"0.973 – 1.005",0.972969779677994,1.00546716466626
"fut.growth.rate[2]",1.00953538571136,"0.992 – 1.029",0.991507096898681,1.02924401241269
"fut.growth.rate[3]",0.938855260307577,"0.924 – 0.954",0.923564870760704,0.954003761522509
