Year,Colony,n_nests,BREED_SUCC
2006,Gonydale,57,0.736842105263158
2007,Gonydale,101,0.673267326732673
2010,Gonydale,146,0.287671232876712
2011,Gonydale,198,0.439393939393939
2012,Gonydale,193,0.585492227979275
2013,Gonydale,205,0.502439024390244
2014,Gonydale,136,0.294117647058824
2015,Gonydale,176,0.590909090909091
2016,Gonydale,146,0.143835616438356
2017,Gonydale,163,0.699386503067485
2018,Gonydale,152,0.282894736842105
