"Lower95","Median","Upper95","Mean","SD","Mode","MCerr","MC.ofSD","SSeff","AC.100","Rhat","parameter","Year","demographic"
0.305463444453226,0.313283793824784,0.320970724733426,0.313305048180625,0.00395354679392516,0.313327894817229,2.25179012233605e-05,0.6,30826,0.0513763003720789,1.00018578621757,"mean.fec",NA,"fecundity"
0.982399204322098,0.985827597586558,0.989330696868396,0.9858329275205,0.00176201470383263,0.985847075806561,2.899109028147e-05,1.6,3694,0.771882697304265,1.00187797374833,"pop.growth.rate",NA,"growth.rate"
0.975181181395357,0.991232807177533,1.00802135014842,0.991325130747968,0.00836281023689735,0.991306014481867,0.000280204311828177,3.4,891,0.866537489635359,1.00181350723342,"fut.growth.rate[1]",NA,"growth.rate"
0.994139251826089,1.01210014824496,1.03165315031494,1.0120557239838,0.00982280081153053,1.01174112307054,0.000384912506176904,3.9,651,0.8925600625342,1.00228909719521,"fut.growth.rate[2]",NA,"growth.rate"
0.924436586087779,0.939550081391207,0.955103416087011,0.939643680485356,0.00784151497532244,0.939355877162241,0.000240775647310146,3.1,1061,0.823857732327553,1.00202073094888,"fut.growth.rate[3]",NA,"growth.rate"
0.941243443225182,0.954201193704067,0.967284343535113,0.954322285060575,0.00663029144017282,0.954095726409325,0.000207079828228119,3.1,1025,0.847508121253994,1.0022136161433,"mean.phi.ad",NA,"survival"
0.768540087416898,0.825384212985794,0.881037263749554,0.825377651055897,0.028784916215946,0.825011336038759,0.000650373055886809,2.3,1959,0.706161476188251,1.00271606238345,"mean.phi.juv",NA,"survival"
